"pseudo_user","rides_count","avg_length","conversion_potential"
"","324039","13.07","High"
"13022","45730","34.89","High"
"13300","30279","35.07","High"
"13042","22530","35.83","High"
"LF-005","20237","26.93","High"
"13008","20041","37.86","High"
"15544","17683","30.22","High"
"TA1308000001","16285","29.46","High"
"KA1503000064","15390","35.08","High"
"TA1308000050","12123","16.77","High"
"TA1308000012","11918","33.58","High"
"13431","11840","33.59","High"
"SL-005","11631","31.20","High"
"13146","11069","22.24","High"
"13179","10833","22.14","High"
"623","10823","32.42","High"
"TA1307000039","10760","18.02","High"
"TA1307000134","10602","16.93","High"
"KA1504000135","9969","15.01","High"
"TA1307000117","9698","30.27","High"
"632","9691","16.89","High"
"13137","9490","18.49","High"
"13001","9272","32.43","High"
"TA1309000039","9174","25.75","High"
"TA1306000013","9109","31.04","High"
"TA1309000049","9027","26.85","High"
"13430","8978","22.27","High"
"TA1306000029","8807","32.25","High"
"KA1503000043","8760","15.07","High"
"TA1305000014","8520","16.21","High"
"TA1305000011","8504","30.25","High"
"TA1306000016","8401","13.53","High"
"13029","8358","29.58","High"
"TA1307000126","8353","20.36","High"
"13193","8260","16.68","High"
"TA1309000019","8138","22.75","High"
"TA1309000025","7924","16.60","High"
"TA1306000012","7908","15.12","High"
"TA1307000041","7815","26.73","High"
"TA1308000049","7802","15.26","High"
"13278","7758","20.09","High"
"TA1309000058","7758","15.47","High"
"TA1307000151","7503","17.46","High"
"13045","7434","22.05","High"
"13263","7404","31.53","High"
"21544","7265","18.41","High"
"13061","7192","17.64","High"
"13071","7178","17.11","High"
"TA1306000003","7166","14.35","High"
"LP-","7110","32.17","High"
"TA1307000150","7076","22.21","High"
"TA1307000142","7072","18.44","High"
"TA1309000061","7031","14.06","High"
"KA1503000014","7001","12.52","High"
"TA1305000041","6978","17.76","High"
"13325","6860","17.41","High"
"TA1305000002","6859","24.20","High"
"TA1309000002","6787","34.84","High"
"TA1309000023","6774","15.99","High"
"13235","6685","17.34","High"
"TA1307000128","6622","18.84","High"
"KA1503000071","6579","14.82","High"
"TA1309000033","6544","16.36","High"
"331","6516","15.14","High"
"WL-012","6475","16.60","High"
"TA1305000003","6474","27.55","High"
"TA1305000029","6313","24.29","High"
"13016","6303","28.73","High"
"TA1306000014","6222","14.44","High"
"TA1305000032","6217","16.92","High"
"13276","6117","23.09","High"
"TA1307000052","5990","16.83","High"
"TA1309000024","5954","19.67","High"
"TA1307000136","5892","16.23","High"
"TA1307000127","5877","18.06","High"
"TA1307000131","5845","29.96","High"
"13277","5836","19.51","High"
"13063","5817","16.38","High"
"13427","5687","32.63","High"
"15529","5659","29.70","High"
"TA1305000022","5653","17.69","High"
"TA1307000120","5623","16.74","High"
"13192","5616","16.59","High"
"TA1308000019","5611","16.11","High"
"TA1306000010","5601","21.52","High"
"13033","5592","15.19","High"
"13011","5583","18.74","High"
"TA1305000025","5563","24.68","High"
"638","5546","17.72","High"
"15576","5514","36.09","High"
"TA1309000035","5494","15.27","High"
"13085","5470","19.67","High"
"TA1308000022","5396","21.19","High"
"KA1504000133","5380","22.94","High"
"23003","5348","17.12","High"
"SL-008","5345","20.36","High"
"13341","5330","18.82","High"
"TA1309000066","5275","15.54","High"
"TA1307000038","5229","18.08","High"
"KA1504000076","5216","11.15","Medium"
"TA1305000006","5178","22.11","High"
"13050","5173","27.05","High"
"15534","5170","29.84","High"
"13323","5149","17.05","High"
"13128","5135","26.59","High"
"KA1503000012","5091","27.26","High"
"13191","5040","17.27","High"
"TA1309000010","5039","23.51","High"
"TA1309000037","5008","16.37","High"
"TA1305000004","4985","32.66","High"
"13084","4981","15.42","High"
"15541","4967","33.85","High"
"13021","4907","14.88","High"
"TA1307000006","4885","14.89","High"
"TA1306000009","4764","13.34","High"
"13265","4753","13.08","High"
"TA1307000064","4731","13.71","High"
"13034","4677","34.10","High"
"TA1308000009","4652","37.35","High"
"15530","4622","24.99","High"
"KA1503000041","4597","32.29","High"
"TA1307000107","4585","17.65","High"
"639","4553","37.71","High"
"RN-","4550","15.54","High"
"TA1307000111","4475","17.92","High"
"TA1306000026","4428","15.40","High"
"13221","4420","17.89","High"
"13133","4394","17.65","High"
"13036","4379","29.17","High"
"13379","4351","17.86","High"
"13338","4330","29.49","High"
"TA1309000036","4310","16.41","High"
"TA1305000020","4303","14.95","High"
"TA1305000030","4258","24.46","High"
"TA1305000010","4257","32.80","High"
"KA1504000146","4245","20.05","High"
"TA1305000034","4234","16.66","High"
"TA1307000113","4226","13.19","High"
"KA1504000134","4226","22.12","High"
"13158","4208","17.50","High"
"KP1705001026","4137","22.77","High"
"15545","4110","33.35","High"
"13017","4109","16.64","High"
"13058","4099","15.53","High"
"13229","4094","15.96","High"
"13243","4093","18.30","High"
"TA1307000001","4058","14.00","High"
"TA1307000062","4046","15.49","High"
"13154","4013","14.89","High"
"TA1307000124","4005","25.45","High"
"13074","3986","18.44","High"
"13389","3899","23.54","High"
"13138","3838","18.14","High"
"13157","3808","17.60","High"
"TA1308000029","3746","28.21","High"
"13303","3744","17.79","High"
"13056","3716","17.62","High"
"TA1309000004","3714","22.90","High"
"TA1306000011","3709","15.79","High"
"13068","3674","17.59","High"
"TA1306000015","3668","19.47","High"
"13124","3655","35.39","High"
"13196","3581","14.48","High"
"13102","3562","31.67","High"
"KA1503000015","3498","28.43","High"
"TA1307000164","3494","16.30","High"
"TA1307000163","3492","17.09","High"
"TA1309000014","3458","15.75","High"
"SL-007","3447","26.96","High"
"TA1305000035","3443","24.91","High"
"KA1504000079","3430","13.71","High"
"18062","3424","18.39","High"
"TA1305000039","3373","16.21","High"
"KA1503000044","3363","25.13","High"
"SL-011","3358","16.57","High"
"15535","3352","19.30","High"
"TA1309000007","3347","17.59","High"
"KA1503000074","3329","45.36","High"
"15539","3314","17.86","High"
"TA1309000027","3252","14.52","High"
"13028","3228","15.79","High"
"TA1307000166","3176","17.01","High"
"chargingstx1","3129","14.58","High"
"13150","3117","27.82","High"
"TA1309000001","3116","14.39","High"
"13132","3100","15.48","High"
"SL-012","3013","23.60","High"
"TA1306000032","2998","15.86","High"
"620","2978","12.41","High"
"604","2977","17.52","High"
"TA1309000008","2971","21.78","High"
"TA1309000030","2954","17.20","High"
"TA1309000043","2951","15.83","High"
"13053","2951","21.55","High"
"KA1706005007","2919","22.46","High"
"KA1504000151","2902","19.32","High"
"13194","2898","14.54","High"
"13332","2883","13.38","High"
"13156","2852","24.59","High"
"TA1305000005","2849","25.01","High"
"13059","2841","22.30","High"
"TA1307000061","2840","24.30","High"
"TA1309000006","2835","16.24","High"
"TA1307000121","2797","11.93","Medium"
"KA1503000022","2796","15.99","High"
"13289","2794","16.26","High"
"13224","2780","17.89","High"
"KA1504000171","2771","31.09","High"
"13319","2760","16.01","High"
"SL-010","2740","21.07","High"
"TA1305000037","2740","17.76","High"
"TA1309000042","2735","16.78","High"
"TA1307000130","2722","12.61","High"
"TA1307000070","2711","16.45","High"
"TA1308000005","2682","15.51","High"
"13108","2678","20.57","High"
"WL-011","2660","16.28","High"
"TA1309000059","2655","15.05","High"
"15571","2643","31.87","High"
"chargingstx4","2632","17.22","High"
"13073","2625","13.81","High"
"13136","2619","15.95","High"
"636","2595","15.00","High"
"TA1309000063","2593","20.17","High"
"596","2572","26.70","High"
"18067","2533","25.83","High"
"KA1503000072","2526","18.70","High"
"13294","2520","14.48","High"
"13409","2519","17.04","High"
"15575","2516","31.17","High"
"17660","2510","16.90","High"
"23001","2509","14.21","High"
"13144","2495","17.05","High"
"KA1504000103","2475","16.11","High"
"TA1306000008","2446","15.06","High"
"13075","2442","32.03","High"
"TA1307000140","2434","19.33","High"
"13006","2417","20.45","High"
"TA1305000009","2401","24.87","High"
"13290","2399","15.60","High"
"KA1503000007","2385","32.18","High"
"13241","2385","17.30","High"
"TA1307000158","2353","15.68","High"
"15651","2327","18.31","High"
"KA1503000059","2326","31.87","High"
"13288","2323","16.17","High"
"624","2304","27.08","High"
"WL-008","2301","17.80","High"
"20246.0","2298","12.68","High"
"TA1307000048","2281","46.54","High"
"TA1308000021","2278","18.00","High"
"13109","2267","19.68","High"
"chargingstx3","2254","17.67","High"
"TA1307000144","2249","15.05","High"
"15546","2246","37.41","High"
"22001","2228","14.54","High"
"TA1307000119","2216","23.54","High"
"13269","2212","15.82","High"
"SL-009","2212","21.63","High"
"13160","2205","16.21","High"
"E008","2199","27.48","High"
"13164","2196","16.85","High"
"13257","2188","16.47","High"
"TA1309000011","2143","17.00","High"
"18003","2118","29.62","High"
"15578","2110","24.91","High"
"15550","2105","18.03","High"
"13268","2090","16.51","High"
"TA1307000156","2077","16.64","High"
"RP-009","2075","31.34","High"
"13296","2073","16.10","High"
"TA1309000041","2053","21.54","High"
"13259","2030","18.57","High"
"15650","2019","19.76","High"
"13163","2001","17.48","High"
"18058","1999","16.90","High"
"637","1991","15.46","High"
"TA1305000017","1989","15.65","High"
"13353","1966","15.70","High"
"KA17018068","1958","18.09","High"
"TA1307000143","1951","15.97","High"
"15655","1949","21.91","High"
"TA1309000029","1946","18.61","High"
"TA1308000031","1940","15.04","High"
"chargingstx5","1937","14.95","High"
"13247","1935","16.63","High"
"13248","1918","17.40","High"
"KA1504000149","1908","15.18","High"
"KA1504000116","1902","13.74","High"
"657","1895","15.31","High"
"13242","1881","15.00","High"
"13135","1855","18.05","High"
"TA1309000026","1837","16.09","High"
"TA1308000006","1822","17.34","High"
"13271","1820","17.41","High"
"428","1812","11.52","Medium"
"13292","1809","20.63","High"
"TA1306000006","1781","17.95","High"
"658","1768","16.30","High"
"13434","1725","16.47","High"
"chargingstx07","1717","23.47","High"
"13197","1705","16.33","High"
"KA1503000034","1699","26.83","High"
"13256","1692","18.67","High"
"13037","1684","18.77","High"
"KA1503000052","1681","15.18","High"
"13266","1680","18.56","High"
"TA1307000149","1667","15.35","High"
"KA1504000162","1657","13.31","High"
"TA1307000139","1631","23.75","High"
"15664","1613","13.82","High"
"TA1308000047","1611","16.11","High"
"13258","1600","16.97","High"
"13432","1597","17.30","High"
"chargingstx06","1593","38.19","High"
"TA1307000115","1582","14.74","High"
"202480.0","1577","11.65","Medium"
"13398","1573","29.24","High"
"13155","1567","17.44","High"
"654","1561","15.19","High"
"TA1306000025","1530","16.46","High"
"TA1305000001","1529","24.59","High"
"TA1306000007","1502","17.87","High"
"TA1309000050","1489","18.54","High"
"13143","1484","19.39","High"
"TA1309000021","1482","19.58","High"
"13216","1463","19.00","High"
"15646","1448","17.68","High"
"13206","1446","19.33","High"
"13099","1442","21.43","High"
"13139","1441","16.22","High"
"13253","1433","16.47","High"
"15541.1.1","1430","31.99","High"
"15653","1420","20.60","High"
"20252.0","1419","11.70","Medium"
"TA1309000012","1412","18.34","High"
"KA1504000175","1400","21.57","High"
"KA1504000148","1379","21.30","High"
"520","1375","15.88","High"
"13134","1365","20.56","High"
"E002","1362","28.66","High"
"15648","1358","19.15","High"
"TA1309000064","1358","14.61","High"
"TA1307000159","1349","19.05","High"
"15645","1340","17.16","High"
"KA1504000104","1324","15.34","High"
"KA1504000090","1308","20.09","High"
"13249","1301","15.57","High"
"TA1307000138","1298","15.96","High"
"KA1504000143","1288","20.94","High"
"KA150400009X","1280","18.69","High"
"KA1503000004","1259","44.42","High"
"15632","1250","18.75","High"
"15622","1241","26.08","High"
"KA1504000156","1221","19.69","High"
"15642","1217","22.04","High"
"SL-013","1207","25.79","High"
"23002","1173","16.70","High"
"SL-006","1170","28.01","High"
"20254.0","1165","10.90","Medium"
"15644","1160","17.96","High"
"18017","1139","30.69","High"
"13245","1136","15.58","High"
"TA1308000046","1135","21.61","High"
"TA1307000044","1126","18.46","High"
"TA1309000015","1124","21.13","High"
"KA1503000070","1122","25.56","High"
"TA1309000032","1118","17.82","High"
"KA1504000140","1112","16.86","High"
"605","1111","27.91","High"
"15643","1108","21.71","High"
"660","1100","29.85","High"
"TA1308000013","1095","16.20","High"
"22004","1095","13.09","High"
"20.0","1093","13.67","High"
"TA1309000055","1087","17.45","High"
"15624","1075","20.03","High"
"TA1306000002","1056","16.41","High"
"KA17018054","1028","16.38","High"
"13080","1019","18.16","High"
"TA1309000018","1019","17.86","High"
"KA1504000093","1013","15.53","High"
"515","1005","15.03","High"
"15640","997","22.58","High"
"TA1307000129","994","23.42","High"
"15634","987","17.90","High"
"KA1503000005","981","21.96","High"
"13307","979","17.77","High"
"644","959","15.32","High"
"435","959","14.17","High"
"15628","954","20.05","High"
"15623","948","15.93","High"
"13081","945","18.41","High"
"13326","942","17.41","High"
"18069","935","12.33","High"
"410","899","12.71","High"
"13304","898","19.43","High"
"13217","895","19.95","High"
"15654","891","16.31","High"
"15631","889","18.69","High"
"KA1504000117","881","17.27","High"
"TA1308000035","880","34.69","High"
"RP-008","862","15.32","High"
"15668","858","25.91","High"
"13285","858","14.47","High"
"13162","854","15.56","High"
"525","851","15.83","High"
"20256.0","843","10.20","Medium"
"KA1504000080","832","23.18","High"
"13089","827","19.83","High"
"15445","825","17.22","High"
"KA1504000078","825","19.30","High"
"KA1504000158","824","17.86","High"
"TA1308000043","823","21.53","High"
"15615","818","19.93","High"
"13331","815","16.93","High"
"655","801","17.61","High"
"KA1503000038","790","17.22","High"
"KA1504000159","755","32.10","High"
"631","749","33.74","High"
"TA1307000005","747","26.12","High"
"15442","747","15.53","High"
"TA1308000026","742","32.35","High"
"20251.0","737","10.85","Medium"
"KA1504000142","736","15.46","High"
"13215","736","38.00","High"
"643","723","18.19","High"
"KA1504000126","710","19.83","High"
"TA1308000036","699","27.66","High"
"TA1308000002","696","29.12","High"
"20257.0","692","11.20","Medium"
"22002","688","15.22","High"
"KA1504000139","685","19.90","High"
"15621","680","16.61","High"
"TA1308000045","677","20.74","High"
"KA1504000160","673","20.81","High"
"KA1504000147","667","17.25","High"
"15652","666","30.60","High"
"523","653","21.85","High"
"661","652","23.16","High"
"431","650","13.29","High"
"E006","647","21.67","High"
"KA1504000096","641","23.19","High"
"20253.0","632","12.92","High"
"15667","622","25.02","High"
"15491","613","48.19","High"
"15666","610","21.82","High"
"472","604","15.76","High"
"KA1503000002","602","42.36","High"
"RP-005","600","13.85","High"
"13091","591","16.04","High"
"592","587","21.37","High"
"13345","584","28.88","High"
"TA1307000153","578","26.26","High"
"KA1503000065","578","30.90","High"
"KA1504000127","576","18.52","High"
"22003","575","17.07","High"
"TA1307000160","570","21.77","High"
"TA1308000038","568","48.61","High"
"382","565","8.72","Medium"
"517","560","14.69","High"
"446","555","12.11","High"
"15542","538","22.70","High"
"KA1503000068","534","21.92","High"
"chargingstx2","534","10.27","Medium"
"TA1309000067","524","20.47","High"
"KA1504000128","521","25.41","High"
"436","519","13.08","High"
"16010","516","20.21","High"
"433","509","14.58","High"
"E007","505","26.22","High"
"600","490","12.54","High"
"KA1504000097","486","22.87","High"
"432","479","12.56","High"
"429","477","13.25","High"
"15685","475","16.65","High"
"430","468","13.77","High"
"22005","466","15.12","High"
"KA1503000029","453","49.13","High"
"13420","452","26.43","High"
"13354","450","24.41","High"
"398","444","15.05","High"
"KA1503000040","440","17.41","High"
"KA1503000027","433","29.46","High"
"20247.0","432","13.40","High"
"438","430","12.24","High"
"13165","425","22.84","High"
"KA1504000101","422","18.31","High"
"444","419","18.38","High"
"KA1504000106","419","21.17","High"
"KA1503000069","415","27.65","High"
"15443","414","17.52","High"
"15585","413","18.61","High"
"314","410","12.29","High"
"411","409","14.16","High"
"KA1504000161","406","29.37","High"
"15446","406","22.15","High"
"KA1504000129","400","23.25","High"
"20104","400","18.21","High"
"KA1504000141","398","21.29","High"
"RP-007","391","15.16","High"
"527","388","31.35","High"
"598","386","19.61","High"
"KA1503000054","382","22.54","High"
"20255.0","381","12.23","High"
"021320","379","12.84","High"
"18016","379","19.21","High"
"343","379","9.92","Medium"
"KA1706005015","377","32.60","High"
"326","375","14.28","High"
"518","373","23.73","High"
"445","367","14.14","High"
"599","362","23.16","High"
"RP-001","362","27.82","High"
"RP-006","360","23.94","High"
"TA1308000007","358","27.12","High"
"13096","344","26.78","High"
"KA1504000164","343","27.68","High"
"RP-004","343","14.38","High"
"TA1309000053","343","25.54","High"
"15470","341","24.11","High"
"352","340","11.49","Medium"
"13213","331","27.83","High"
"475","324","13.19","High"
"TA1308000023","319","37.78","High"
"439","318","12.99","High"
"16991","316","18.69","High"
"15689","313","13.41","High"
"RP-002","310","19.26","High"
"514","308","17.62","High"
"KA1504000167","305","33.54","High"
"KA1503000046","297","31.22","High"
"TA1308000014","296","18.82","High"
"chargingstx0","294","10.86","Medium"
"KA1504000114","293","24.11","High"
"TA1309000003","281","17.35","High"
"662","278","21.91","High"
"20260.0","278","15.62","High"
"434","277","13.39","High"
"KA1504000155","275","23.11","High"
"KA1503000009","274","16.01","High"
"360","268","14.58","High"
"KA1503000030","267","41.04","High"
"442","261","15.28","High"
"866","257","17.33","High"
"590","257","27.74","High"
"KA1503000075","248","29.16","High"
"E014","243","28.28","High"
"15687","238","12.62","High"
"18022","234","28.43","High"
"TA1307000161","226","30.85","High"
"420","226","16.67","High"
"16994","225","24.77","High"
"20219","225","48.60","High"
"KA1503000033","224","21.85","High"
"15686","222","22.93","High"
"TA1307000066","220","29.10","High"
"KA1503000066","219","22.47","High"
"20204","218","24.56","High"
"20205","215","25.31","High"
"KA1504000109","215","20.14","High"
"20106","213","16.79","High"
"KA1504000091","211","12.29","High"
"16906","211","22.33","High"
"KA1503000073","208","19.45","High"
"573","206","12.85","High"
"KA1503000047","204","14.03","High"
"425","202","13.10","High"
"519","198","25.98","High"
"505","193","10.66","Medium"
"20232","191","64.63","High"
"356","190","12.49","High"
"16806","190","23.70","High"
"380","189","16.11","High"
"546","188","22.75","High"
"594","187","23.24","High"
"462","186","17.38","High"
"KA1504000113","185","18.21","High"
"E011","183","25.14","High"
"KA1503000032","183","24.82","High"
"316","180","15.10","High"
"346","179","8.32","Medium"
"20107","179","16.90","High"
"653B","178","25.69","High"
"358","177","14.58","High"
"KA1504000130","175","25.29","High"
"KA1503000018","172","33.07","High"
"KA1503000020","172","44.26","High"
"561","171","24.23","High"
"855","170","13.86","High"
"497","169","8.33","Medium"
"443","166","14.47","High"
"KA1503000024","165","21.69","High"
"KA1503000031","165","27.06","High"
"777","163","10.50","Medium"
"KA1503000023","161","39.71","High"
"KA1504000110","160","28.71","High"
"951","159","9.58","Medium"
"549","156","12.88","High"
"KA1503000025","155","19.16","High"
"359","154","12.76","High"
"353","153","16.55","High"
"KA1503000045","151","33.18","High"
"355","150","12.28","High"
"13083","147","33.92","High"
"507","147","13.06","High"
"334.0","146","8.52","Medium"
"379","140","15.09","High"
"20238","139","14.98","High"
"312","138","17.17","High"
"20213","138","29.62","High"
"16921","138","25.64","High"
"458","136","13.66","High"
"426","134","16.66","High"
"KA1503000049","134","37.78","High"
"KA1503000053","134","12.64","High"
"20203","134","30.45","High"
"322","131","18.11","High"
"20224","131","57.16","High"
"406","131","13.99","High"
"335.0","131","13.87","High"
"384","130","9.74","Medium"
"766","130","19.07","High"
"361","130","20.03","High"
"821","128","8.99","Medium"
"KA1503000013","128","16.54","High"
"415","128","11.19","Medium"
"KA1503000055","128","22.41","High"
"331.0","127","8.67","Medium"
"492","127","12.27","High"
"385","126","8.20","Medium"
"441","126","18.33","High"
"KA1504000102","125","26.88","High"
"KA1503000021","125","35.94","High"
"404","123","5.93","Medium"
"464","123","15.37","High"
"559","122","31.20","High"
"16903","122","15.07","High"
"585","121","29.29","High"
"20249.0","121","10.09","Medium"
"452","118","18.36","High"
"20123","118","41.66","High"
"387","118","12.01","Medium"
"313","117","14.75","High"
"579","117","21.55","High"
"15682","117","33.98","High"
"16933","116","23.23","High"
"400","115","17.40","High"
"372","114","13.76","High"
"KA1504000086","114","16.63","High"
"351","113","10.46","Medium"
"317","112","13.96","High"
"323","112","14.44","High"
"500","112","13.60","High"
"383","111","9.14","Medium"
"474","111","14.32","High"
"528","110","43.91","High"
"586","109","18.70","High"
"414","109","14.39","High"
"16905","108","15.58","High"
"650","108","21.28","High"
"KA1503000051","107","24.03","High"
"20103","107","28.12","High"
"321","106","12.83","High"
"460","105","14.45","High"
"15691","105","22.59","High"
"16932","105","23.54","High"
"16918","105","28.28","High"
"370","103","20.08","High"
"1121.0","102","11.81","Medium"
"540","102","32.76","High"
"318","102","15.24","High"
"395","101","15.36","High"
"20241","100","21.19","High"
"319","100","9.15","Medium"
"PI00002","100","23.11","High"
"365.0","100","13.86","High"
"20108","99","19.44","High"
"KA1503000019","99","30.31","High"
"23108","98","11.06","Medium"
"396","98","17.36","High"
"16940","96","29.24","High"
"347","94","9.55","Medium"
"402","94","14.46","High"
"390","93","18.06","High"
"16937","93","32.26","High"
"338","92","17.08","High"
"357","91","12.23","High"
"646","91","26.85","High"
"513","90","12.05","Medium"
"15449","90","36.22","High"
"569","89","39.62","High"
"16943","89","22.87","High"
"20114","88","36.89","High"
"378","87","13.28","High"
"325","87","18.32","High"
"473","87","13.37","High"
"20202","87","16.30","High"
"516","87","11.69","Medium"
"1182.0","86","11.93","Medium"
"595","86","25.75","High"
"767","85","16.07","High"
"499","84","9.47","Medium"
"465","83","7.59","Medium"
"506","83","11.03","Medium"
"337","83","14.51","High"
"504","83","11.69","Medium"
"374","82","16.27","High"
"20214","82","35.45","High"
"20113","82","23.85","High"
"381","81","20.34","High"
"1052","81","13.35","High"
"339","81","11.43","Medium"
"424","80","12.06","Medium"
"422","80","18.25","High"
"344","80","13.02","High"
"20207","80","33.26","High"
"576","80","35.91","High"
"1072","79","14.13","High"
"768","79","14.20","High"
"16916","79","30.43","High"
"20120","79","43.92","High"
"20133","79","11.55","Medium"
"510","79","14.40","High"
"341","78","12.22","High"
"397","78","13.64","High"
"407","78","17.50","High"
"392","78","11.49","Medium"
"530","78","14.42","High"
"20235","76","24.38","High"
"369","75","20.15","High"
"16907","75","27.89","High"
"651","74","20.58","High"
"536","73","21.21","High"
"KA1504000082","73","47.07","High"
"494","73","11.95","Medium"
"23101","73","27.39","High"
"324","72","12.48","High"
"580","72","41.60","High"
"386","72","10.68","Medium"
"303","72","25.53","High"
"501","72","12.56","High"
"20131","71","22.76","High"
"534","71","40.49","High"
"560","70","17.48","High"
"535","70","20.07","High"
"20233","70","31.63","High"
"693","70","11.00","Medium"
"16915","70","30.27","High"
"512","70","13.96","High"
"309","70","15.16","High"
"20228","69","71.61","High"
"20215","69","11.12","Medium"
"20221","68","33.91","High"
"320","68","15.05","High"
"20115","68","17.40","High"
"KA1504000168","68","29.58","High"
"16920","68","39.93","High"
"570","67","21.01","High"
"TA1309000051","66","31.20","High"
"930","66","18.03","High"
"20109","65","43.50","High"
"1226.0","65","15.87","High"
"584","65","33.74","High"
"345","65","13.64","High"
"20222","65","45.11","High"
"649","65","51.04","High"
"KA1503000028","65","71.50","High"
"327","64","25.30","High"
"20229","64","40.01","High"
"389","64","14.83","High"
"302","63","21.44","High"
"20121","63","24.31","High"
"621","62","14.18","High"
"537","62","21.31","High"
"371","62","18.36","High"
"20112","62","16.56","High"
"20223","62","24.39","High"
"401","61","11.22","Medium"
"15692","61","45.47","High"
"KA1503000003","61","38.10","High"
"571","61","15.91","High"
"377","61","18.65","High"
"350","60","14.68","High"
"16912","60","14.71","High"
"307","60","16.90","High"
"388","59","14.95","High"
"557","58","21.27","High"
"20201","58","13.97","High"
"647","58","9.08","Medium"
"1070","58","11.06","Medium"
"565","58","7.50","Medium"
"16913","57","29.29","High"
"554","57","29.83","High"
"362.0","56","23.37","High"
"KA1503000001","56","17.85","High"
"543","55","35.61","High"
"642","55","28.44","High"
"340","55","15.68","High"
"20206","55","30.13","High"
"333.0","55","15.17","High"
"308","54","17.80","High"
"310","54","20.25","High"
"336","54","18.95","High"
"20217","53","12.04","Medium"
"20242","53","41.18","High"
"15597","53","18.25","High"
"20116","53","24.94","High"
"421","52","21.02","High"
"393","52","19.20","High"
"1085.0","52","17.06","High"
"906","51","13.71","High"
"16948","51","24.46","High"
"403","51","11.14","Medium"
"20230","51","23.41","High"
"20134","51","17.68","High"
"20218","50","21.27","High"
"562","50","28.77","High"
"20212","50","185.80","High"
"577","50","29.81","High"
"329.0","49","18.39","High"
"583","49","34.20","High"
"20234","48","47.11","High"
"479","48","16.73","High"
"20244","47","43.93","High"
"301","47","16.06","High"
"575","47","28.27","High"
"999","47","17.46","High"
"342","47","14.75","High"
"503","46","13.64","High"
"20110","46","70.74","High"
"836","46","8.68","Medium"
"20105","46","37.82","High"
"553","45","29.51","High"
"KA1503000010","45","58.48","High"
"16951","45","29.71","High"
"16970","45","16.64","High"
"574","45","19.09","High"
"368.0","45","12.32","High"
"375","44","21.39","High"
"810","44","13.86","High"
"16953","43","19.57","High"
"545","43","45.74","High"
"20237","43","25.88","High"
"491","43","11.20","Medium"
"1019","43","16.37","High"
"1011","43","11.71","Medium"
"587","42","14.95","High"
"20128","42","21.97","High"
"1228.0","42","21.43","High"
"418","41","17.87","High"
"861","41","4.91","Medium"
"1092.0","41","11.84","Medium"
"373","41","16.48","High"
"364.0","40","19.45","High"
"354","40","15.56","High"
"21462","40","16.98","High"
"931","40","20.00","High"
"391","40","21.03","High"
"1280.0","39","12.11","High"
"1263.0","39","13.72","High"
"1126.0","39","18.98","High"
"20226","39","52.84","High"
"332.0","39","11.43","Medium"
"20125","38","43.86","High"
"367","38","19.73","High"
"485","38","25.59","High"
"20124","37","22.92","High"
"487","37","19.17","High"
"376","37","18.10","High"
"KA1503000011","37","71.46","High"
"20231","37","19.00","High"
"877","36","18.25","High"
"305","36","20.24","High"
"1235.0","36","11.69","Medium"
"1180.0","36","14.61","High"
"1199.0","35","11.65","Medium"
"547","35","15.59","High"
"1239.0","35","14.24","High"
"814","35","7.75","Medium"
"366.0","35","30.68","High"
"1236.0","35","12.15","High"
"427","34","36.86","High"
"15599","34","17.36","High"
"937","34","9.81","Medium"
"20239","34","35.58","High"
"1195.0","33","30.06","High"
"502","33","12.13","High"
"833","33","9.09","Medium"
"20245","33","45.63","High"
"805","33","19.62","High"
"20119","32","26.24","High"
"1142.0","32","12.31","High"
"20211","32","61.30","High"
"23106","31","22.34","High"
"20101","31","112.97","High"
"1110.0","31","13.31","High"
"582","31","33.14","High"
"20209","31","30.61","High"
"466","31","18.51","High"
"1269.0","31","11.93","Medium"
"1125.0","31","16.21","High"
"419","31","14.42","High"
"23321","31","14.62","High"
"PI00001","30","10.93","Medium"
"564","30","53.59","High"
"567","30","50.58","High"
"1102.0","30","10.27","Medium"
"1093.0","30","16.09","High"
"417","30","13.66","High"
"20208","29","57.85","High"
"PI00003","29","7.60","Medium"
"498","29","14.76","High"
"1203.0","29","16.45","High"
"330.0","29","32.47","High"
"471","29","12.12","High"
"349","29","15.84","High"
"495","29","12.66","High"
"20102","29","34.94","High"
"902","28","15.19","High"
"964","28","14.37","High"
"1131.0","28","8.70","Medium"
"1090.0","28","19.91","High"
"1129.0","28","14.68","High"
"394","27","16.23","High"
"588","27","92.73","High"
"1204.0","27","18.83","High"
"929","27","12.96","High"
"20243","27","25.53","High"
"20236","27","67.73","High"
"20127","27","28.54","High"
"1134.0","27","11.18","Medium"
"20240","27","61.27","High"
"572","27","9.92","Medium"
"493","27","14.05","High"
"629","26","11.08","Medium"
"363.0","26","22.39","High"
"16950","26","25.48","High"
"1217.0","26","14.14","High"
"20126","26","15.58","High"
"508","26","8.19","Medium"
"863","26","13.38","High"
"544","26","13.66","High"
"1057","25","10.98","Medium"
"914","25","14.60","High"
"1127.0","25","10.35","Medium"
"801","25","17.59","High"
"20111","25","21.91","High"
"23104","25","16.31","High"
"1175.0","25","24.15","High"
"21360","25","10.03","Medium"
"824","25","16.24","High"
"1031","25","11.53","Medium"
"23143","24","12.54","High"
"1095.0","24","10.16","Medium"
"539","24","7.83","Medium"
"21356","24","18.31","High"
"1040","24","7.71","Medium"
"480","23","12.44","High"
"490","23","13.32","High"
"1113.0","22","14.06","High"
"1229.0","22","16.58","High"
"1243.0","22","17.44","High"
"1227.0","22","11.65","Medium"
"556","22","37.90","High"
"813","22","8.18","Medium"
"935","21","13.25","High"
"541","21","12.84","High"
"20129","21","25.29","High"
"593","21","20.07","High"
"1200.0","21","15.18","High"
"1124.0","21","20.96","High"
"1058","21","22.50","High"
"696","21","12.27","High"
"750","21","17.14","High"
"23191","20","19.94","High"
"581","20","9.56","Medium"
"958","20","15.06","High"
"1097.0","20","15.65","High"
"793","20","9.38","Medium"
"972","20","14.28","High"
"865","20","8.06","Medium"
"775","19","7.15","Medium"
"695","19","12.37","High"
"23107","19","17.15","High"
"1119.0","19","9.32","Medium"
"1088.0","19","13.17","High"
"1214.0","19","27.11","High"
"304","19","17.65","High"
"1112.0","19","8.96","Medium"
"1205.0","18","14.50","High"
"1120.0","18","23.09","High"
"988","18","15.09","High"
"1264.0","18","9.53","Medium"
"20225","18","84.57","High"
"1128.0","18","18.71","High"
"416","17","13.45","High"
"399","17","21.36","High"
"20220","17","10.83","Medium"
"23190","17","21.04","High"
"1012","17","6.18","Medium"
"20210","17","28.95","High"
"1206.0","17","17.91","High"
"770","17","9.42","Medium"
"772","17","9.96","Medium"
"552","17","10.27","Medium"
"1017","17","27.28","High"
"1224.0","17","24.89","High"
"1271.0","17","12.73","High"
"488","17","22.07","High"
"823","17","15.12","High"
"566","16","15.45","High"
"1104.0","16","10.61","Medium"
"550","16","21.34","High"
"815","16","25.63","High"
"1219.0","16","12.90","High"
"1033","16","7.98","Medium"
"873","16","7.54","Medium"
"1155.0","16","15.15","High"
"628","16","10.57","Medium"
"832","16","7.63","Medium"
"21374","16","17.53","High"
"1201.0","16","12.30","High"
"1076.0","16","17.09","High"
"724","16","43.20","High"
"702","15","14.38","High"
"1122.0","15","16.09","High"
"948","15","48.84","High"
"1100.0","15","10.99","Medium"
"1074.0","15","20.84","High"
"1215.0","15","13.09","High"
"1091.0","15","8.83","Medium"
"1181.0","15","12.62","High"
"722","15","34.49","High"
"548","15","14.23","High"
"698","15","9.90","Medium"
"916","15","9.39","Medium"
"788","15","29.04","High"
"1084.0","14","13.05","High"
"20118","14","15.66","High"
"1257.0","14","14.25","High"
"1246.0","14","14.09","High"
"1279.0","14","10.75","Medium"
"1208.0","14","35.79","High"
"1238.0","14","22.31","High"
"21361","14","30.71","High"
"1086.0","13","12.56","High"
"1150.0","13","12.20","High"
"1149.0","13","15.68","High"
"1178.0","13","26.53","High"
"830","13","19.04","High"
"1079.0","13","47.75","High"
"23140","13","16.55","High"
"1056","13","18.43","High"
"21357","13","12.74","High"
"1055","13","13.45","High"
"979","13","25.26","High"
"1141.0","13","31.63","High"
"551","13","8.08","Medium"
"1234.0","13","15.49","High"
"703","13","22.73","High"
"1037","12","9.73","Medium"
"978","12","9.30","Medium"
"652","12","21.17","High"
"984","12","14.47","High"
"1240.0","12","13.91","High"
"1249.0","12","16.71","High"
"1256.0","12","13.59","High"
"719","12","25.19","High"
"1276.0","12","35.56","High"
"760","12","10.17","Medium"
"1277.0","12","21.13","High"
"1284.0","12","33.02","High"
"1211.0","12","14.90","High"
"1087.0","12","13.30","High"
"826","12","20.56","High"
"20130","12","47.56","High"
"694","12","11.66","Medium"
"913","12","15.02","High"
"476","12","7.13","Medium"
"486","12","15.12","High"
"932","12","16.72","High"
"509","12","12.92","High"
"533","12","5.89","Medium"
"563","12","16.15","High"
"1145.0","12","15.73","High"
"627","12","9.60","Medium"
"825","11","5.19","Medium"
"1038","11","18.64","High"
"688","11","7.93","Medium"
"1176.0","11","22.59","High"
"1209.0","11","29.10","High"
"20227","11","25.60","High"
"1222.0","11","13.16","High"
"1216.0","11","19.07","High"
"954","11","11.09","Medium"
"869","11","7.84","Medium"
"2059","11","13.43","High"
"706","11","13.43","High"
"1096.0","11","17.08","High"
"1259.0","11","20.76","High"
"682","11","15.51","High"
"857","11","8.24","Medium"
"23137","11","15.32","High"
"691","11","5.02","Medium"
"23139","11","33.67","High"
"1034","11","19.89","High"
"1132.0","11","11.47","Medium"
"1039","10","8.41","Medium"
"1109.0","10","14.92","High"
"840","10","9.93","Medium"
"1184.0","10","16.25","High"
"21390","10","14.86","High"
"1123.0","10","8.60","Medium"
"717","10","19.73","High"
"23141","10","12.72","High"
"23142","10","14.73","High"
"1212.0","10","17.52","High"
"1148.0","10","16.73","High"
"348","10","18.34","High"
"783","10","12.03","Medium"
"782","10","7.57","Medium"
"957","10","19.40","High"
"1054","10","14.77","High"
"1252.0","10","12.99","High"
"1225.0","10","20.70","High"
"1047","10","14.04","High"
"763","10","13.35","High"
"950","10","14.42","High"
"1018","10","7.35","Medium"
"1168.0","10","36.43","High"
"1171.0","10","29.79","High"
"1172.0","10","16.19","High"
"846","10","39.98","High"
"1275.0","9","9.20","Medium"
"1065","9","75.78","High"
"1133.0","9","15.62","High"
"875","9","7.26","Medium"
"1192.0","9","15.59","High"
"1202.0","9","14.35","High"
"568","9","8.77","Medium"
"919","9","9.30","Medium"
"1027","9","10.26","Medium"
"1191.0","9","9.07","Medium"
"1048","9","9.98","Medium"
"489","9","24.17","High"
"1254.0","9","10.64","Medium"
"1115.0","9","13.35","High"
"23136","9","6.84","Medium"
"542","9","6.67","Medium"
"856","9","16.79","High"
"852","9","15.57","High"
"808","8","16.68","High"
"742","8","13.97","High"
"757","8","8.17","Medium"
"803","8","5.73","Medium"
"841","8","10.57","Medium"
"858","8","23.58","High"
"991","8","10.73","Medium"
"1140.0","8","10.48","Medium"
"1146.0","8","7.04","Medium"
"1130.0","8","20.59","High"
"23138","8","21.55","High"
"1118.0","8","13.26","High"
"1169.0","8","9.43","Medium"
"1177.0","8","19.02","High"
"1105.0","8","13.62","High"
"1103.0","8","21.72","High"
"1187.0","8","15.44","High"
"1189.0","8","9.64","Medium"
"1089.0","8","7.11","Medium"
"1207.0","8","10.49","Medium"
"1210.0","8","13.08","High"
"1278.0","8","8.90","Medium"
"1248.0","8","26.91","High"
"1013","8","11.40","Medium"
"1245.0","7","26.69","High"
"1218.0","7","12.02","Medium"
"909","7","22.83","High"
"799","7","15.16","High"
"933","7","10.82","Medium"
"809","7","11.50","Medium"
"482","7","7.91","Medium"
"800","7","10.25","Medium"
"749","7","18.16","High"
"831","7","10.14","Medium"
"619","7","23.59","High"
"839","7","29.63","High"
"966","7","6.16","Medium"
"752","7","5.65","Medium"
"753","7","13.52","High"
"21396","7","20.54","High"
"829","7","9.78","Medium"
"1266.0","7","25.61","High"
"756","7","7.46","Medium"
"900","7","8.21","Medium"
"692","7","5.03","Medium"
"1242.0","7","9.76","Medium"
"1099.0","7","13.31","High"
"953","7","11.08","Medium"
"851","7","47.88","High"
"23122","7","19.71","High"
"712","7","33.34","High"
"780","7","17.55","High"
"911","7","14.57","High"
"679","7","10.99","Medium"
"784","6","12.48","High"
"864","6","19.74","High"
"1197.0","6","19.06","High"
"1020","6","15.77","High"
"1167.0","6","13.24","High"
"496","6","10.34","Medium"
"996","6","5.83","Medium"
"859","6","7.56","Medium"
"681","6","10.00","Medium"
"1220.0","6","17.16","High"
"483","6","21.11","High"
"1107.0","6","20.02","High"
"1185.0","6","10.85","Medium"
"477","6","13.10","High"
"860","6","8.16","Medium"
"21359","6","16.53","High"
"1032","6","20.19","High"
"1230.0","6","18.09","High"
"665","6","27.76","High"
"827","6","7.72","Medium"
"995","6","15.66","High"
"1262.0","6","26.41","High"
"677","6","8.89","Medium"
"736","6","28.59","High"
"1237.0","6","14.50","High"
"1152.0","5","26.88","High"
"1114.0","5","5.73","Medium"
"1157.0","5","11.64","Medium"
"1170.0","5","12.54","High"
"965","5","8.23","Medium"
"1166.0","5","8.86","Medium"
"1117.0","5","16.39","High"
"1036","5","8.54","Medium"
"751","5","14.30","High"
"762","5","6.03","Medium"
"1232.0","5","11.62","Medium"
"714","5","10.60","Medium"
"980","5","13.28","High"
"993","5","31.04","High"
"678","5","4.14","Medium"
"641","5","17.68","High"
"942","5","26.68","High"
"1198.0","5","12.16","High"
"921","5","11.63","Medium"
"987","5","9.89","Medium"
"811","5","25.69","High"
"1144.0","5","20.40","High"
"23128","5","16.83","High"
"819","5","20.22","High"
"1186.0","5","6.64","Medium"
"838","5","12.04","Medium"
"1179.0","5","10.98","Medium"
"1108.0","5","12.88","High"
"18025","5","21.49","High"
"1233.0","4","25.97","High"
"1231.0","4","15.35","High"
"1194.0","4","17.55","High"
"538","4","7.31","Medium"
"1223.0","4","11.29","Medium"
"1081.0","4","11.78","Medium"
"816","4","8.01","Medium"
"883","4","8.28","Medium"
"1244.0","4","21.09","High"
"776","4","1.78","Medium"
"822","4","5.46","Medium"
"903","4","14.34","High"
"1050","4","5.87","Medium"
"23117","4","22.91","High"
"963","4","31.28","High"
"737","4","6.18","Medium"
"656","4","10.30","Medium"
"1274.0","4","38.80","High"
"1272.0","4","41.72","High"
"1265.0","4","21.60","High"
"755","4","7.36","Medium"
"1183.0","4","14.13","High"
"998","4","8.50","Medium"
"891","4","13.30","High"
"1255.0","4","14.63","High"
"1161.0","4","54.87","High"
"478","4","9.42","Medium"
"1069","4","8.69","Medium"
"807","4","8.87","Medium"
"686","4","20.51","High"
"21354","4","9.62","Medium"
"21312","4","13.36","High"
"888","4","9.15","Medium"
"1060","4","5.42","Medium"
"1059","4","16.01","High"
"1251.0","4","9.22","Medium"
"1174.0","4","12.69","High"
"844","4","43.83","High"
"1221.0","3","24.78","High"
"1136.0","3","37.89","High"
"1135.0","3","11.85","Medium"
"612","3","17.23","High"
"1147.0","3","47.63","High"
"602","3","6.32","Medium"
"955","3","23.06","High"
"952","3","61.36","High"
"947","3","14.73","High"
"531","3","16.48","High"
"920","3","12.65","High"
"917","3","23.33","High"
"23172","3","24.15","High"
"912","3","13.87","High"
"867","3","13.43","High"
"862","3","15.42","High"
"1154.0","3","9.47","Medium"
"1165.0","3","24.55","High"
"1111.0","3","40.09","High"
"1241.0","3","36.02","High"
"1106.0","3","20.12","High"
"835","3","6.60","Medium"
"1094.0","3","10.04","Medium"
"721","3","7.74","Medium"
"1077.0","3","11.12","Medium"
"812","3","16.06","High"
"798","3","27.22","High"
"794","3","9.60","Medium"
"769","3","24.56","High"
"1045","3","8.22","Medium"
"715","3","11.49","Medium"
"1043","3","9.95","Medium"
"1042","3","15.96","High"
"1030","3","17.45","High"
"1029","3","23.18","High"
"1028","3","9.75","Medium"
"733","3","58.34","High"
"989","3","5.68","Medium"
"992","3","13.05","High"
"1260.0","2","3.99","Low"
"890","2","36.91","Low"
"970","2","36.85","Low"
"898","2","6.68","Low"
"23113","2","16.54","Low"
"828","2","20.44","Low"
"1190.0","2","5.75","Low"
"23120","2","25.49","Low"
"23121","2","22.32","Low"
"704","2","7.33","Low"
"23129","2","18.73","Low"
"1193.0","2","16.68","Low"
"1078.0","2","17.73","Low"
"990","2","8.80","Low"
"23165","2","7.54","Low"
"923","2","30.07","Low"
"1071","2","15.00","Low"
"927","2","8.04","Low"
"1068","2","0.73","Low"
"718","2","4.20","Low"
"481","2","5.84","Low"
"1015","2","20.81","Low"
"795","2","9.70","Low"
"1213.0","2","16.27","Low"
"791","2","25.87","Low"
"785","2","4.50","Low"
"532","2","4.35","Low"
"940","2","24.03","Low"
"941","2","35.64","Low"
"946","2","2.94","Low"
"949","2","11.87","Low"
"558","2","16.73","Low"
"645","2","12.60","Low"
"956","2","10.88","Low"
"994","2","8.42","Low"
"653","2","17.81","Low"
"663","2","11.35","Low"
"759","2","24.50","Low"
"758","2","25.45","Low"
"606","2","0.48","Low"
"1273.0","2","14.60","Low"
"1268.0","2","28.08","Low"
"1267.0","2","17.96","Low"
"610","2","15.87","Low"
"611","2","18.14","Low"
"615","2","14.40","Low"
"616","2","5.63","Low"
"1016","2","5.14","Low"
"1261.0","2","7.71","Low"
"886","2","51.18","Low"
"673","2","22.21","Low"
"670","2","5.95","Low"
"738","2","8.95","Low"
"626","2","8.93","Low"
"1022","2","28.26","Low"
"635","2","19.28","Low"
"1116.0","2","14.60","Low"
"1159.0","2","39.41","Low"
"1158.0","2","9.17","Low"
"697","2","10.63","Low"
"847","2","19.11","Low"
"OH Charging Stx - Test","2","0.40","Low"
"868","2","44.77","Low"
"731","2","11.05","Low"
"876","2","9.30","Low"
"1137.0","1","3.22","Low"
"1156.0","1","4.50","Low"
"874","1","4.65","Low"
"667","1","17.27","Low"
"779","1","3.55","Low"
"943","1","4.70","Low"
"743","1","6.62","Low"
"741","1","25.75","Low"
"739","1","3.03","Low"
"774","1","6.83","Low"
"664","1","3.77","Low"
"713","1","58.87","Low"
"1283.0","1","5.10","Low"
"1282.0","1","9.57","Low"
"622","1","7.87","Low"
"849","1","12.92","Low"
"887","1","8.10","Low"
"1281.0","1","13.17","Low"
"699","1","96.65","Low"
"983","1","4.88","Low"
"895","1","7.93","Low"
"896","1","7.12","Low"
"1173.0","1","48.48","Low"
"723","1","82.37","Low"
"899","1","12.12","Low"
"578","1","20.70","Low"
"982","1","14.53","Low"
"1188.0","1","13.25","Low"
"720","1","7.03","Low"
"997","1","33.43","Low"
"589","1","0.17","Low"
"23114","1","14.32","Low"
"734","1","0.20","Low"
"1041","1","16.70","Low"
"1023","1","6.20","Low"
"820","1","4.47","Low"
"23126","1","6.08","Low"
"968","1","44.27","Low"
"1082.0","1","16.32","Low"
"904","1","7.82","Low"
"1080.0","1","54.58","Low"
"842","1","3.98","Low"
"905","1","1.50","Low"
"607","1","4.85","Low"
"668","1","28.37","Low"
"609","1","7.35","Low"
"908","1","36.27","Low"
"1196.0","1","11.67","Low"
"634","1","24.70","Low"
"915","1","19.83","Low"
"1073.0","1","7.30","Low"
"922","1","18.22","Low"
"708","1","47.57","Low"
"1021","1","24.12","Low"
"845","1","13.93","Low"
"924","1","10.23","Low"
"716","1","8.77","Low"
"710","1","10.43","Low"
"613","1","7.50","Low"
"804","1","13.17","Low"
"1067","1","0.33","Low"
"614","1","3.90","Low"
"1066","1","119.13","Low"
"711","1","10.13","Low"
"1063","1","2.37","Low"
"1062","1","6.92","Low"
"1164.0","1","33.02","Low"
"936","1","5.07","Low"
"511","1","12.47","Low"
"669","1","25.65","Low"
"640","1","6.13","Low"
"524","1","28.85","Low"
"617","1","12.15","Low"
"725","1","12.40","Low"
"618","1","6.48","Low"
"871","1","153.07","Low"
"789","1","139.58","Low"
"787","1","57.93","Low"
"745","1","15.27","Low"
"526","1","12.05","Low"
